{"cameraMode":{"drawMode":0,"name":"Shaded","section":"Shading Mode"},"sceneLighting":false,"audioPlay":false,"sceneViewState":{"m_AlwaysRefresh":false,"showFog":true,"showSkybox":false,"showFlares":true,"showImageEffects":true,"showParticleSystems":true,"showVisualEffectGraphs":true,"m_FxEnabled":true},"in2DMode":false,"pivot":{"x":2.214111804962158,"y":0.3590138852596283,"z":-2.4737792015075685},"rotation":{"x":0.0011837136698886753,"y":0.7141179442405701,"z":-0.0013782785972580314,"w":0.7001129984855652},"size":2.2445573806762697,"orthographic":false}