{"cameraMode":{"drawMode":0,"name":"Shaded","section":"Shading Mode"},"sceneLighting":false,"audioPlay":false,"sceneViewState":{"m_AlwaysRefresh":false,"showFog":true,"showSkybox":false,"showFlares":true,"showImageEffects":true,"showParticleSystems":true,"showVisualEffectGraphs":true,"m_FxEnabled":true},"in2DMode":false,"pivot":{"x":0.20443958044052125,"y":-0.07119989395141602,"z":1.9492361545562745},"rotation":{"x":0.33117011189460757,"y":-0.03679068014025688,"z":0.012924320064485073,"w":0.9427677989006043},"size":3.324744939804077,"orthographic":false}